{
  "components/carousel": "<div class=\"heroCarousel-wrapper\">\r\n    <div class=\"heroCarousel\"\r\n        data-slick='{\r\n            \"arrows\": true,\r\n            \"mobileFirst\": true,\r\n            \"speed\": 300,\r\n            \"slidesToShow\": 1,\r\n            \"slidesToScroll\": 1,\r\n            \"autoplay\": true,\r\n            \"autoplaySpeed\": {{carousel.swap_frequency}},\r\n            \"lazyLoad\": \"anticipated\",\r\n            \"infinite\": true,\r\n            \"fade\": true,\r\n            \"asNavFor\": \".heroCarousel-custom\",\r\n            \"nextArrow\": \"<svg class=&apos;slick-next slick-arrow&apos; aria-label=&apos;Next Slide&apos;><use xlink:href=&apos;#slick-arrow-next&apos;></use></svg>\", \r\n            \"prevArrow\": \"<svg class=&apos;slick-prev slick-arrow&apos; aria-label=&apos;Previous Slide&apos;><use xlink:href=&apos;#slick-arrow-prev&apos;></use></svg>\",\r\n            \"responsive\": [\r\n                {\r\n                    \"breakpoint\": 1200,\r\n                    \"settings\": {\r\n                        \"dots\": false,\r\n                        \"arrows\": {{theme_settings.homepage_show_carousel_arrows}}\r\n                    }\r\n                }\r\n            ]\r\n        }'>\r\n\r\n        <div class=\"heroCarousel-slide {{#if ../theme_settings.homepage_stretch_carousel_images}}stretch{{/if}} {{#if @first}}heroCarousel-slide--first{{/if}}\">\r\n            <div class=\"heroCarousel-image-wrapper\">\r\n                <a href=\"/commencez-ici/\" class=\"heroCarousel-image\">\r\n                    <picture>\r\n                        <source media=\"(min-width:900px)\" srcset=\"/content/images/homepage/banner4-pc.webp\" type=\"image/webp\">\r\n                        <source media=\"(min-width:900px)\" srcset=\"/content/images/homepage/banner4-pc.jpg\" type=\"image/jpg\">\r\n                        <source media=\"(min-width:600px)\" srcset=\"/content/images/homepage/banner4-tablet.webp\" type=\"image/webp\">\r\n                        <source media=\"(min-width:600px)\" srcset=\"/content/images/homepage/banner4-tablet.jpg\" type=\"image/jpg\">                        \r\n                        <source srcset=\"/content/images/homepage/banner4-mobile.webp\" type=\"image/webp\">\r\n                        <img class=\"lazyload\" src=\"{{cdn 'img/loading.svg'}}\" data-src=\"/content/images/homepage/banner4-mobile.jpg\" alt=\"Coupon\" title=\"Coupon\">\r\n                    </picture>\r\n                    <div class=\"heroCarousel-content hr-content-coupon\">\r\n                        <div class=\"left\">\r\n                            <div class=\"line1a\">Chèque-Cadeau</div>\r\n                            <div class=\"line2a\">Inscrivez-vous à notre newsletter et économisez sur votre prochaine commande de compléments capillaires et de perruques ! </div>\r\n                            <div class=\"line3a\">10 euros de réduction pour </div>\r\n                            <div class=\"line4a\">les abonnés au courrier électronique</div>\r\n                            <div class=\"line5a\">Obtenez-le maintenant !</div>   \r\n                        </div>\r\n                        <div class=\"right\">\r\n                            <div class=\"line1b\">Valeur</div>\r\n                            <div class=\"line2b\">10€</div>   \r\n                            <div class=\"line3b\">Obtenez-le maintenant !</div>                         \r\n                        </div>\r\n                    </div>                    \r\n                </a>\r\n            </div>\r\n        </div>\r\n        <div class=\"heroCarousel-slide {{#if ../theme_settings.homepage_stretch_carousel_images}}stretch{{/if}} {{#if @first}}heroCarousel-slide--first{{/if}}\">\r\n            <div class=\"heroCarousel-image-wrapper\">\r\n                <div class=\"heroCarousel-image\">\r\n                    <picture>\r\n                        <source media=\"(min-width:900px)\" srcset=\"/content/images/homepage/banner1-pc-2.webp\" type=\"image/webp\">\r\n                        <source media=\"(min-width:900px)\" srcset=\"/content/images/homepage/banner1-pc-2.jpg\" type=\"image/jpeg\">\r\n                        <source media=\"(min-width:600px)\" srcset=\"/content/images/homepage/banner1-tablet-2.webp\" type=\"image/webp\">\r\n                        <source media=\"(min-width:600px)\" srcset=\"/content/images/homepage/banner1-tablet-2.jpg\" type=\"image/jpeg\">\r\n                        <source srcset=\"/content/images/homepage/banner1-mobile-2.webp\" type=\"image/webp\">\r\n                        <source srcset=\"/content/images/homepage/banner1-mobile-2.jpg\" type=\"image/jpeg\">\r\n                        <img class=\"lazyload\" src=\"{{cdn 'img/loading.svg'}}\" data-src=\"/content/images/homepage/banner1-mobile-2.jpg\" alt=\"Men\" title=\"Men\">\r\n                    </picture>\r\n                    <div class=\"content-wrap\">\r\n                        <div class=\"content\">\r\n                            <div class=\"text-main text-main1\">POUR LUI</div>\r\n                            <div class=\"text-small text-small1\">Le No.1 vendeur aux États-Unis est maintenant dans la FRANCE</div>\r\n                            <a href=\"/homme/\" class=\"text-link\">Hommes</a>\r\n                        </div>\r\n                    </div>\r\n                </div>\r\n            </div>\r\n        </div>\r\n        <div class=\"heroCarousel-slide {{#if ../theme_settings.homepage_stretch_carousel_images}}stretch{{/if}} {{#if @first}}heroCarousel-slide--first{{/if}}\">\r\n            <div class=\"heroCarousel-image-wrapper\">\r\n                <div class=\"heroCarousel-image\">\r\n                    <picture>\r\n                        <source media=\"(min-width:900px)\" srcset=\"/content/images/homepage/banner2-pc-2.webp\" type=\"image/webp\">\r\n                        <source media=\"(min-width:900px)\" srcset=\"/content/images/homepage/banner2-pc-2.jpg\" type=\"image/jpeg\">\r\n                        <source media=\"(min-width:600px)\" srcset=\"/content/images/homepage/banner2-tablet-2.webp\" type=\"image/webp\">\r\n                        <source media=\"(min-width:600px)\" srcset=\"/content/images/homepage/banner2-tablet-2.jpg\" type=\"image/jpeg\">\r\n                        <source srcset=\"/content/images/homepage/banner2-mobile-2.webp\" type=\"image/webp\">\r\n                        <source srcset=\"/content/images/homepage/banner2-mobile-2.jpg\" type=\"image/jpeg\">\r\n                        <img class=\"lazyload\" src=\"{{cdn 'img/loading.svg'}}\" data-src=\"/content/images/homepage/banner2-mobile-2.jpg\" alt=\"Women\" title=\"Women\">\r\n                    </picture>\r\n                    <div class=\"content-wrap\">\r\n                        <div class=\"content\">\r\n                            <div class=\"text-main text-main1\">POUR ELLE</div>\r\n                            <div class=\"text-small text-small1\">Le No.1 vendeur aux États-Unis est maintenant dans la FRANCE</div>\r\n                            <a href=\"/femme/\" class=\"text-link\">Femmes</a>\r\n                        </div>\r\n                    </div>\r\n                </div>\r\n            </div>\r\n        </div>\r\n        <div class=\"heroCarousel-slide {{#if ../theme_settings.homepage_stretch_carousel_images}}stretch{{/if}} {{#if @first}}heroCarousel-slide--first{{/if}}\">\r\n            <div class=\"heroCarousel-image-wrapper\">\r\n                <div class=\"heroCarousel-image\">\r\n                    <picture>\r\n                        <source media=\"(min-width:1020px)\" srcset=\"/content/images/homepage/banner3-pc.webp\" type=\"image/webp\">\r\n                        <source media=\"(min-width:1020px)\" srcset=\"/content/images/homepage/banner3-pc-x1920.jpg\" type=\"image/jpeg\">\r\n                        <source media=\"(min-width:900px)\" srcset=\"/content/images/homepage/banner3-pc-x1020.webp\" type=\"image/webp\">\r\n                        <source media=\"(min-width:900px)\" srcset=\"/content/images/homepage/banner3-pc-x1020.jpg\" type=\"image/jpeg\">\r\n                        <source media=\"(min-width:600px)\" srcset=\"/content/images/homepage/banner3-tablet.webp\" type=\"image/webp\">\r\n                        <source media=\"(min-width:600px)\" srcset=\"/content/images/homepage/banner3-tablet.jpg\" type=\"image/jpeg\">\r\n                        <source srcset=\"/content/images/homepage/banner3-mobile.webp\" type=\"image/webp\">\r\n                        <source srcset=\"/content/images/homepage/banner3-mobile.jpg\" type=\"image/jpeg\">\r\n                        <img class=\"lazyload\" src=\"{{cdn 'img/loading.svg'}}\" data-src=\"/content/images/homepage/banner3-mobile.jpg\" alt=\"Women\" title=\"Women\">\r\n                    </picture>\r\n                    <div class=\"content-wrap right\">\r\n                        <div class=\"content\">\r\n                            <div class=\"text-main\">Livraison gratuite sur tous les prothèses capillaires</div>\r\n                            <div class=\"text-small mobile\">Bénéficier avec le cadre du lancement de notre site web en France</div>\r\n                            <div class=\"text-small tablet\">Bénéficier avec le cadre du lancement de notre site web en France avec offres disponibles pour une durée limitée.</div>\r\n                            <div class=\"text-small pc\">Dans le cadre du lancement de notre site web en France, vous pouvez bénéficier d'une livraison gratuite sur TOUS les prothèses capillaires. Grâce à cette offre à durée limitée, vous n'avez plus à vous soucier des douanes, des frais d'importation!</div>\r\n                            <a href=\"#homepage-shopall\" class=\"text-link\">ACHETER MAINTENANT</a>\r\n                        </div>\r\n                    </div>\r\n                </div>\r\n            </div>\r\n        </div>\r\n        {{!--\r\n        {{#each carousel.slides}}\r\n            <div class=\"heroCarousel-slide {{#if ../theme_settings.homepage_stretch_carousel_images}}stretch{{/if}} {{#if @first}}heroCarousel-slide--first{{/if}}\">\r\n                {{#if @index '==' 0}}\r\n                    {{#if (merge this subheading=../../theme_settings.homepage_show_carousel_0_subheading)}}{{/if}}\r\n                    {{#if (merge this countdown=../../theme_settings.homepage_show_carousel_0_countdown)}}{{/if}}\r\n                    {{#if (merge this position=../../theme_settings.homepage_show_carousel_0_position-content)}}{{/if}}\r\n                    {{#if (merge this imageMobile=../../theme_settings.homepage_show_carousel_0_mobile-image)}}{{/if}}\r\n                    {{#if (merge this customTextLink1=../../theme_settings.homepage_show_carousel_0_customtextlink1)}}{{/if}}\r\n                    {{#if (merge this customLink1=../../theme_settings.homepage_show_carousel_0_customlink1)}}{{/if}}\r\n                    {{#if (merge this customTextLink2=../../theme_settings.homepage_show_carousel_0_customtextlink2)}}{{/if}}\r\n                    {{#if (merge this customLink2=../../theme_settings.homepage_show_carousel_0_customlink2)}}{{/if}}\r\n                    {{#if (merge this customTextLink3=../../theme_settings.homepage_show_carousel_0_customtextlink3)}}{{/if}}\r\n                    {{#if (merge this customLink3=../../theme_settings.homepage_show_carousel_0_customlink3)}}{{/if}}\r\n                    {{#if (merge this customTextBtn=../../theme_settings.homepage_show_carousel_0_customtextbtn)}}{{/if}}\r\n                    {{#if (merge this customBtn=../../theme_settings.homepage_show_carousel_0_custombtn)}}{{/if}}\r\n                    {{#if (merge this hasBackground=../../theme_settings.carousel-bgColor)}}{{/if}}\r\n                {{/if}}\r\n                {{#if @index '==' 1}}\r\n                    {{#if (merge this subheading=../../theme_settings.homepage_show_carousel_1_subheading)}}{{/if}}\r\n                    {{#if (merge this countdown=../../theme_settings.homepage_show_carousel_1_countdown)}}{{/if}}\r\n                    {{#if (merge this position=../../theme_settings.homepage_show_carousel_1_position-content)}}{{/if}}\r\n                    {{#if (merge this imageMobile=../../theme_settings.homepage_show_carousel_1_mobile-image)}}{{/if}}\r\n                    {{#if (merge this customTextLink1=../../theme_settings.homepage_show_carousel_1_customtextlink1)}}{{/if}}\r\n                    {{#if (merge this customLink1=../../theme_settings.homepage_show_carousel_1_customlink1)}}{{/if}}\r\n                    {{#if (merge this customTextLink2=../../theme_settings.homepage_show_carousel_1_customtextlink2)}}{{/if}}\r\n                    {{#if (merge this customLink2=../../theme_settings.homepage_show_carousel_1_customlink2)}}{{/if}}\r\n                    {{#if (merge this customTextLink3=../../theme_settings.homepage_show_carousel_1_customtextlink3)}}{{/if}}\r\n                    {{#if (merge this customLink3=../../theme_settings.homepage_show_carousel_1_customlink3)}}{{/if}}\r\n                    {{#if (merge this customTextBtn=../../theme_settings.homepage_show_carousel_1_customtextbtn)}}{{/if}}\r\n                    {{#if (merge this customBtn=../../theme_settings.homepage_show_carousel_1_custombtn)}}{{/if}}\r\n                    {{#if (merge this hasBackground=../../theme_settings.carousel-bgColor)}}{{/if}}\r\n                {{/if}}\r\n                {{#if @index '==' 2}}\r\n                    {{#if (merge this subheading=../../theme_settings.homepage_show_carousel_2_subheading)}}{{/if}}\r\n                    {{#if (merge this countdown=../../theme_settings.homepage_show_carousel_2_countdown)}}{{/if}}\r\n                    {{#if (merge this position=../../theme_settings.homepage_show_carousel_2_position-content)}}{{/if}}\r\n                    {{#if (merge this imageMobile=../../theme_settings.homepage_show_carousel_2_mobile-image)}}{{/if}}\r\n                    {{#if (merge this customTextLink1=../../theme_settings.homepage_show_carousel_2_customtextlink1)}}{{/if}}\r\n                    {{#if (merge this customLink1=../../theme_settings.homepage_show_carousel_2_customlink1)}}{{/if}}\r\n                    {{#if (merge this customTextLink2=../../theme_settings.homepage_show_carousel_2_customtextlink2)}}{{/if}}\r\n                    {{#if (merge this customLink2=../../theme_settings.homepage_show_carousel_2_customlink2)}}{{/if}}\r\n                    {{#if (merge this customTextLink3=../../theme_settings.homepage_show_carousel_2_customtextlink3)}}{{/if}}\r\n                    {{#if (merge this customLink3=../../theme_settings.homepage_show_carousel_2_customlink3)}}{{/if}}\r\n                    {{#if (merge this customTextBtn=../../theme_settings.homepage_show_carousel_2_customtextbtn)}}{{/if}}\r\n                    {{#if (merge this customBtn=../../theme_settings.homepage_show_carousel_2_custombtn)}}{{/if}}\r\n                    {{#if (merge this hasBackground=../../theme_settings.carousel-bgColor)}}{{/if}}\r\n                {{/if}}\r\n                {{#if @index '==' 3}}\r\n                    {{#if (merge this subheading=../../theme_settings.homepage_show_carousel_3_subheading)}}{{/if}}\r\n                    {{#if (merge this countdown=../../theme_settings.homepage_show_carousel_3_countdown)}}{{/if}}\r\n                    {{#if (merge this position=../../theme_settings.homepage_show_carousel_3_position-content)}}{{/if}}\r\n                    {{#if (merge this imageMobile=../../theme_settings.homepage_show_carousel_3_mobile-image)}}{{/if}}\r\n                    {{#if (merge this customTextLink1=../../theme_settings.homepage_show_carousel_3_customtextlink1)}}{{/if}}\r\n                    {{#if (merge this customLink1=../../theme_settings.homepage_show_carousel_3_customlink1)}}{{/if}}\r\n                    {{#if (merge this customTextLink2=../../theme_settings.homepage_show_carousel_3_customtextlink2)}}{{/if}}\r\n                    {{#if (merge this customLink2=../../theme_settings.homepage_show_carousel_3_customlink2)}}{{/if}}\r\n                    {{#if (merge this customTextLink3=../../theme_settings.homepage_show_carousel_3_customtextlink3)}}{{/if}}\r\n                    {{#if (merge this customLink3=../../theme_settings.homepage_show_carousel_3_customlink3)}}{{/if}}\r\n                    {{#if (merge this customTextBtn=../../theme_settings.homepage_show_carousel_3_customtextbtn)}}{{/if}}\r\n                    {{#if (merge this customBtn=../../theme_settings.homepage_show_carousel_3_custombtn)}}{{/if}}\r\n                    {{#if (merge this hasBackground=../../theme_settings.carousel-bgColor)}}{{/if}}\r\n                {{/if}}\r\n                {{#if @index '==' 4}}\r\n                    {{#if (merge this subheading=../../theme_settings.homepage_show_carousel_4_subheading)}}{{/if}}\r\n                    {{#if (merge this countdown=../../theme_settings.homepage_show_carousel_4_countdown)}}{{/if}}\r\n                    {{#if (merge this position=../../theme_settings.homepage_show_carousel_4_position-content)}}{{/if}}\r\n                    {{#if (merge this imageMobile=../../theme_settings.homepage_show_carousel_4_mobile-image)}}{{/if}}\r\n                    {{#if (merge this customTextLink1=../../theme_settings.homepage_show_carousel_4_customtextlink1)}}{{/if}}\r\n                    {{#if (merge this customLink1=../../theme_settings.homepage_show_carousel_4_customlink1)}}{{/if}}\r\n                    {{#if (merge this customTextLink2=../../theme_settings.homepage_show_carousel_4_customtextlink2)}}{{/if}}\r\n                    {{#if (merge this customLink2=../../theme_settings.homepage_show_carousel_4_customlink2)}}{{/if}}\r\n                    {{#if (merge this customTextLink3=../../theme_settings.homepage_show_carousel_4_customtextlink3)}}{{/if}}\r\n                    {{#if (merge this customLink3=../../theme_settings.homepage_show_carousel_4_customlink3)}}{{/if}}\r\n                    {{#if (merge this customTextBtn=../../theme_settings.homepage_show_carousel_4_customtextbtn)}}{{/if}}\r\n                    {{#if (merge this customBtn=../../theme_settings.homepage_show_carousel_4_custombtn)}}{{/if}}\r\n                    {{#if (merge this hasBackground=../../theme_settings.carousel-bgColor)}}{{/if}}\r\n                {{/if}}\r\n                <div class=\"heroCarousel-image-wrapper\">\r\n                    <a class=\"heroCarousel-image\" href=\"{{url}}\" aria-label=\"{{#if this.alt_text.length '!=' 0}}{{this.alt_text}}{{else}}{{lang 'common.carousel_slide_number' slide_number=(add @index 1)}}{{/if}}\">\r\n                        {{#if @first}}\r\n                            {{> components/common/responsive-img\r\n                                image=stencil_image\r\n                                class=\"heroCarousel-image\"\r\n                                fallback_size='1280w'\r\n                                lazyload='disabled'\r\n                            }}\r\n                        {{else}}\r\n                            {{> components/common/responsive-img\r\n                                image=stencil_image\r\n                                class=\"heroCarousel-image\"\r\n                                fallback_size='1280w'\r\n                                lazyload='lazyload'\r\n                            }}\r\n                        {{/if}}\r\n                        {{#if imageMobile}}\r\n                            <img class=\"lazyload image-mobile\" src=\"{{cdn 'img/loading.svg'}}\" data-src=\"https://cdn11.bigcommerce.com/s-{{../../settings.store_hash}}/product_images/uploaded_images/{{imageMobile}}\" alt=\"{{stencil_image.alt}}\" title=\"{{stencil_image.alt}}\">\r\n                        {{else}}\r\n                            <img class=\"lazyload image-mobile\" src=\"{{cdn 'img/loading.svg'}}\" data-src=\"{{getImageSrcset stencil_image 1x=(default fallback_size '960w')}}\" alt=\"{{stencil_image.alt}}\" title=\"{{stencil_image.alt}}\">\r\n                        {{/if}}\r\n                    </a>\r\n                </div>\r\n                <div class=\"heroCarousel-content-wrapper\">\r\n                    {{#if heading}}\r\n                        {{> components/carousel-content show_background=true}}\r\n                    {{else}}\r\n                        {{#if text}}\r\n                            {{> components/carousel-content show_background=true}}\r\n                        {{else}}\r\n                            {{#if button_text}}\r\n                                {{> components/carousel-content show_background=false}}\r\n                            {{/if}}\r\n                        {{/if}}\r\n                    {{/if}}\r\n                </div>\r\n            </div>\r\n        {{/each}}\r\n        --}}\r\n    </div>\r\n    <div class=\"heroCarousel-custom\" data-autoplay=\"{{carousel.swap_frequency}}\">\r\n        {{!-- {{#each carousel.slides}}\r\n            {{#if @index '==' 0}}\r\n                {{#if (merge this position=../../theme_settings.homepage_show_carousel_0_position-content)}}{{/if}}\r\n            {{/if}}\r\n            {{#if @index '==' 1}}\r\n                {{#if (merge this position=../../theme_settings.homepage_show_carousel_1_position-content)}}{{/if}}\r\n            {{/if}}\r\n            {{#if @index '==' 2}}\r\n                {{#if (merge this position=../../theme_settings.homepage_show_carousel_2_position-content)}}{{/if}}\r\n            {{/if}}\r\n            {{#if @index '==' 3}}\r\n                {{#if (merge this position=../../theme_settings.homepage_show_carousel_3_position-content)}}{{/if}}\r\n            {{/if}}\r\n            {{#if @index '==' 4}}\r\n                {{#if (merge this position=../../theme_settings.homepage_show_carousel_4_position-content)}}{{/if}}\r\n            {{/if}}\r\n            <div class=\"heroCarousel-customItem\">\r\n                <div class=\"heroCarousel-customLinks\" data-title=\"0{{add @index 1}}\" data-position=\"{{position}}\"></div>\r\n            </div>\r\n        {{/each}} --}}\r\n        <div class=\"heroCarousel-customItem\">\r\n            <div class=\"heroCarousel-customLinks\" data-title=\"01\" data-position=\"left\"></div>\r\n        </div>\r\n        <div class=\"heroCarousel-customItem\">\r\n            <div class=\"heroCarousel-customLinks\" data-title=\"02\" data-position=\"left\"></div>\r\n        </div>\r\n        <div class=\"heroCarousel-customItem\">\r\n            <div class=\"heroCarousel-customLinks\" data-title=\"03\" data-position=\"left\"></div>\r\n        </div>\r\n        <div class=\"heroCarousel-customItem\">\r\n            <div class=\"heroCarousel-customLinks\" data-title=\"04\" data-position=\"left\"></div>\r\n        </div>\r\n\r\n    </div>\r\n</div>\r\n",
  "components/common/responsive-img": "{{!--\nThis file implements the lazysizes srcset pattern (as seen on\nhttps://github.com/aFarkas/lazysizes#modern-transparent-srcset-pattern) for maximum performance on modern browsers\nand reasonable compatibility with legacy browsers.\n\nThere are a few important arguments to know about when using this component:\n`lazyload`:\n    - If set to 'lazyload+lqip', will load a low-res image which will be replaced by lazysizes - ensuring that SOME\n    content is shown immediately on page load. Without LQIP, a transparent gif will be used instead, which reduces\n    the number of requests needed to load the page, making it even faster.\n    - If set to 'lazyload', the browser will not load the full-size image at first, instead the lazysizes plugin will\n        load it progressively after page load. This improves the load speed of the page, but it should be disabled for\n        high-priority above-the-fold images.\n    - If set to 'disabled', will not attempt to lazyload the image and instead tell the browser to load it immediately.\n        Use this for high-priority images that are above the fold.\n\n`fallback_size`:\n    This is the size to use for this image in legacy browsers that do not support srcset.\n    Can be defined as a pixel bounding-box size (e.g. \"123x123) or inherent width (e.g. \"123w\").\n\n`class`:\n    The CSS classes to add to the image, e.g. \"card-image\". If lazyloading is enabled, all images will have the\n    \"lazyload\" class so that lazysizes will target them automatically.\n\n`otherAttributes`:\n    Any other HTML attributes you want on the img tag, for example \"height='100' width='100'\"\n\n`default_image`:\n    The default image to use if `image` is undefined or falsy. Should be a theme asset, usually defined as a relative\n    path in the theme config. If a default image is not provided, you'll get an image tag with no image if the primary\n    image is undefined.\n\n`lqip_size`:\n    If you want to specify a particular size for the LQIP image, you can do so with this argument. A default of 80\n    pixels wide will be used otherwise. This argument has no effect if the lazyload mode is not \"lazyload+lqip\".\n\n--}}\n<img {{#if image}}{{!-- Get the default image for legacy browsers that do not support srcset\n--}}src=\"{{getImageSrcset image 1x=(default fallback_size '160w')}}\" alt=\"{{image.alt}}\" title=\"{{image.alt}}\" {{!--\n  Allow lazysizes to generate the 'sizes' attribute automatically --}}data-sizes=\"auto\"\n  {{#unless lazyload '==' 'disabled'}}\n    {{#if lazyload '==' 'lazyload+lqip'}}\n    {{!-- If we want a LQIP, include it as the default srcset (will be overwritten by lazysizes) --}}\n    srcset=\"{{getImageSrcset image 1x=(default lqip_size '80w')}}\"\n    {{else}}\n      {{!-- If we don't want a LQIP, use a 1px transparent gif for the stand-in image\n            This requires no additional network request, so it's fast --}}\n    srcset=\"data:image/gif;base64,R0lGODlhAQABAIAAAP///wAAACH5BAEAAAAALAAAAAABAAEAAAICRAEAOw==\"\n    {{/if}}\n{{/unless}}\n{{!-- If lazyloading is disabled, just use \"srcset\". If it is not disabled, use \"data-srcset\" so lazysizes will use\n      this after page load --}}\n{{!--\nGenerate the srcset string using the default sizes defined in the helper. This will allow the browser to\npick the best-sized image based on its own understanding of how it will render the page.\n--}}\n{{#unless lazyload '==' 'disabled'}}data-{{/unless}}srcset=\"{{getImageSrcset image use_default_sizes=true }}\"\n{{else if default_image}}src=\"{{cdn default_image}}\" alt=\"{{lang 'products.card_default_image_alt'}}\"{{/if}}\nclass=\"{{#unless lazyload '==' 'disabled'}}lazyload{{/unless}}{{#if class}} {{class}}{{/if}}\"\n{{#if lazyload '==' 'lazyload'}}loading=\"lazy\"{{/if}}\n{{otherAttributes}} />\n",
  "components/carousel-content": "<div class=\"heroCarousel-content{{#unless show_background}} heroCarousel-content--empty{{/unless}} {{#unless hasBackground '==' 'transparent'}} heroCarousel-content--notEmpty{{/unless}} heroCarousel-content--{{position}}\">\n\t{{#if subheading}}\n    \t<span class=\"heroCarousel-subtitle animated\">{{subheading}}</span>\n    {{/if}}\n    {{#if heading}}\n    \t<h2 class=\"heroCarousel-title animated\">{{{heading}}}</h2>\n    {{/if}}\n    {{#if text}}\n    \t<p class=\"heroCarousel-description animated\">{{{text}}}</p>\n    {{/if}}\n    {{#or (if customTextLink1) (if customTextLink2) (if customTextLink3)}}\n\t    <ul class=\"heroCarousel-customLink animated\">\n\t    \t{{#if customTextLink1}}              \n\t            <li>\n\t                <a href=\"{{customLink1}}\"><span>{{customTextLink1}}</span></a>\n\t            </li>\n\t        {{/if}}\n            {{#if customTextLink2}}              \n\t            <li>\n\t                <a href=\"{{customLink2}}\"><span>{{customTextLink2}}</span></a>\n\t            </li>\n\t        {{/if}}\n            {{#if customTextLink3}}              \n\t            <li>\n\t                <a href=\"{{customLink3}}\"><span>{{customTextLink3}}</span></a>\n\t            </li>\n\t        {{/if}}               \n\t    </ul>\n    {{/or}}\n    {{#if countdown}}\n    \t<div class=\"heroCarousel-countdown animated\" data-carousel-countdown=\"{{countdown}}\"></div>\n    {{/if}}\n    {{#or (if button_text) (if customTextBtn)}}\n    \t<div class=\"heroCarousel-action animated\">\n\t\t    {{#if button_text}}\n\t\t        <a class=\"button button--primary{{#if @index '==' 2}} button--large{{/if}}\" href=\"{{url}}\">{{button_text}}</a>\n\t\t    {{/if}}\n\t\t    {{#if customTextBtn}}\n\t\t    \t<a class=\" button button--primary\" href=\"{{customBtn}}\">{{customTextBtn}}</a>\n\t\t    {{/if}}\n    \t</div>\n\t{{/or}}\n</div>\n"
}