{
  "components/blog/sidebar": "<nav role=\"navigation\" aria-label=\"Left Sidebar\">\n    {{> components/halothemes/sidebar/recent-articles post=post}}\n    {{> components/halothemes/sidebar/popular-tags}}\n    {{#if theme_settings.halo-sidebar-products '==' 'Featured'}}\n        {{> components/halothemes/sidebar/product-sidebar products=products.featured title=theme_settings.halo-sidebar-products-title}}\n    {{else if theme_settings.halo-sidebar-products '==' 'New'}}\n        {{> components/halothemes/sidebar/product-sidebar products=products.new title=theme_settings.halo-sidebar-products-title}}\n    {{else if theme_settings.halo-sidebar-products '==' 'Top'}}\n        {{> components/halothemes/sidebar/product-sidebar products=products.top_sellers title=theme_settings.halo-sidebar-products-title}}\n    {{/if}}\n    {{> components/halothemes/sidebar/advertisement-image}}\n    {{> components/halothemes/sidebar/advertisement-content}}\n</nav>\n",
  "components/halothemes/sidebar/recent-articles": "{{#if theme_settings.halo-sidebar-recent-post}}\n    <div class=\"sidebarBlock\">\n        {{#if theme_settings.halo-sidebar-recent-post-title}}\n            <h4 class=\"sidebarBlock-heading\">\n                <span>{{theme_settings.halo-sidebar-recent-post-title}}</span>\n            </h4>\n        {{/if}}\n        <div class=\"sidebarBlock-content\">\n        \t<div class=\"recentPosts-list\">\n        \t\t{{#each (limit post 3)}}\n        \t\t\t<div class=\"item\">\n                        <h5 class=\"title\">\n                            <a href=\"{{url}}\" class=\"link\">{{title}}</a>\n                        </h5>\n                        <p class=\"date\">{{date_published}}</p>\n        \t\t\t</div>\n        \t\t{{/each}}\n        \t</div>\n        </div>\n    </div>\n{{/if}}\n",
  "components/halothemes/sidebar/advertisement-image": "{{#if theme_settings.halo-sidebar-image}}\n\t<div class=\"sidebarBlock\" id=\"advertisement-image\">\n\t\t<div class=\"sidebarBlock-content\">\n\t       \t<div class=\"advertisement-image\">\n\t\t\t\t<a class=\"image\" href=\"{{theme_settings.halo-sidebar-image-link}}\" aria-label=\"{{theme_settings.halo-sidebar-image-alt}}\">\n\t\t\t\t\t<img class=\"lazyload\" src=\"{{cdn 'img/loading.svg'}}\" data-src=\"https://cdn11.bigcommerce.com/s-{{settings.store_hash}}/product_images/uploaded_images/{{theme_settings.halo-sidebar-image}}\" alt=\"{{theme_settings.halo-sidebar-image-alt}}\" title=\"{{theme_settings.halo-sidebar-image-alt}}\">\n\t\t\t\t</a>\n\t\t\t</div>\n\t    </div>\n\t</div>\n{{/if }}\n",
  "components/halothemes/sidebar/product-sidebar": "{{#if theme_settings.halo-sidebar-products}}\n\t<div class=\"sidebarBlock\" id=\"featured-products\">\n\t    <h4 class=\"sidebarBlock-heading\">{{title}}</h4>\n\t    <div class=\"sidebarBlock-content\">\n\t        <div class=\"products-list\">\n\t            {{#each (limit products theme_settings.sidebar_products_per_page)}}\n\t                {{> components/halothemes/products/product-card theme_settings=../theme_settings}}\n\t            {{/each}}\n\t            {{#if theme_settings.halo-sidebar-products-btn}}\n\t            \t<a href=\"{{theme_settings.halo-sidebar-products-link}}\" class=\"link\">{{theme_settings.halo-sidebar-products-btn}}</a>\n\t            {{/if}}\n\t        </div>\n\t    </div>\n\t</div>\n{{/if}}\n",
  "components/halothemes/sidebar/popular-tags": "{{#if theme_settings.halo_sidebar_popular_tags}}\n\t<div class=\"sidebarBlock\">\n\t\t{{#if theme_settings.halo_sidebar_popular_tags-title}}\n\t\t    <h5 class=\"sidebarBlock-heading\">\n\t\t    \t<span>{{theme_settings.halo_sidebar_popular_tags-title}}</span>\n\t\t    </h5>\n\t\t{{/if}}\n\t    <div class=\"sidebarBlock-content\">\n\t    \t<ul class=\"tags-list\"></ul>\n\t    </div>\n\t</div>\n{{/if}}\n",
  "components/halothemes/sidebar/advertisement-content": "{{#if theme_settings.halo-sidebar-custom-block}}\n\t<div class=\"sidebarBlock\" id=\"advertisement-content\">\n\t\t{{#if theme_settings.halo-sidebar-custom-block-title}}\n\t    \t<h4 class=\"sidebarBlock-heading\">{{theme_settings.halo-sidebar-custom-block-title}}</h4>\n\t    {{/if}}\n\t    {{#or (if theme_settings.halo-sidebar-custom-block-text1) (if theme_settings.halo-sidebar-custom-block-text2) (if theme_settings.halo-sidebar-custom-block-text3) (if theme_settings.halo-sidebar-custom-block-text4)}}\n\t\t    <div class=\"sidebarBlock-content\">\n\t\t    \t<div class=\"advertisement-content\">\n\t\t\t        <p>{{theme_settings.halo-sidebar-custom-block-text1}} {{theme_settings.halo-sidebar-custom-block-text2}}</p>\n\t\t\t\t\t<p>{{theme_settings.halo-sidebar-custom-block-text3}} {{theme_settings.halo-sidebar-custom-block-text4}}</p>\n\t\t    \t</div>\n\t\t    </div>\n\t\t{{/or}}\n\t</div>\n{{/if}}\n",
  "components/halothemes/products/product-card": "<div class=\"card card-custom\" data-product-id=\"{{id}}\">\r\n    <div class=\"card-image\">\r\n        <a class=\"card-link\" href=\"{{url}}\">\r\n            {{> components/common/responsive-img\r\n                image=image\r\n                fallback_size=theme_settings.productgallery_size\r\n                lazyload=theme_settings.lazyload_mode\r\n                default_image=theme_settings.default_image_product\r\n            }}\r\n        </a>\r\n    </div>\r\n    <div class=\"card-content\">\r\n        <h4 class=\"card-title\">\r\n            <a href=\"{{url}}\">{{name}}</a>\r\n        </h4>\r\n        <div class=\"card-price\" data-test-info-type=\"price\">\r\n            {{#or customer (if theme_settings.restrict_to_login '!==' true)}}                \r\n                {{> components/products/price price=price}}\r\n            {{else}}\r\n                {{> components/common/login-for-pricing}}\r\n            {{/or}}\r\n        </div>\r\n        {{#if theme_settings.haloAddOptionForProduct}}\r\n            <div class=\"card-option card-option-{{id}}\">\r\n                <div class=\"form-field\"></div>\r\n            </div>\r\n        {{/if}}\r\n        <a href=\"{{url}}\" class=\"card-action\">\r\n            <span class=\"text\">{{lang 'products.details_link'}}</span>\r\n        </a>\r\n    </div>\r\n</div>\r\n",
  "components/common/responsive-img": "{{!--\nThis file implements the lazysizes srcset pattern (as seen on\nhttps://github.com/aFarkas/lazysizes#modern-transparent-srcset-pattern) for maximum performance on modern browsers\nand reasonable compatibility with legacy browsers.\n\nThere are a few important arguments to know about when using this component:\n`lazyload`:\n    - If set to 'lazyload+lqip', will load a low-res image which will be replaced by lazysizes - ensuring that SOME\n    content is shown immediately on page load. Without LQIP, a transparent gif will be used instead, which reduces\n    the number of requests needed to load the page, making it even faster.\n    - If set to 'lazyload', the browser will not load the full-size image at first, instead the lazysizes plugin will\n        load it progressively after page load. This improves the load speed of the page, but it should be disabled for\n        high-priority above-the-fold images.\n    - If set to 'disabled', will not attempt to lazyload the image and instead tell the browser to load it immediately.\n        Use this for high-priority images that are above the fold.\n\n`fallback_size`:\n    This is the size to use for this image in legacy browsers that do not support srcset.\n    Can be defined as a pixel bounding-box size (e.g. \"123x123) or inherent width (e.g. \"123w\").\n\n`class`:\n    The CSS classes to add to the image, e.g. \"card-image\". If lazyloading is enabled, all images will have the\n    \"lazyload\" class so that lazysizes will target them automatically.\n\n`otherAttributes`:\n    Any other HTML attributes you want on the img tag, for example \"height='100' width='100'\"\n\n`default_image`:\n    The default image to use if `image` is undefined or falsy. Should be a theme asset, usually defined as a relative\n    path in the theme config. If a default image is not provided, you'll get an image tag with no image if the primary\n    image is undefined.\n\n`lqip_size`:\n    If you want to specify a particular size for the LQIP image, you can do so with this argument. A default of 80\n    pixels wide will be used otherwise. This argument has no effect if the lazyload mode is not \"lazyload+lqip\".\n\n--}}\n<img {{#if image}}{{!-- Get the default image for legacy browsers that do not support srcset\n--}}src=\"{{getImageSrcset image 1x=(default fallback_size '160w')}}\" alt=\"{{image.alt}}\" title=\"{{image.alt}}\" {{!--\n  Allow lazysizes to generate the 'sizes' attribute automatically --}}data-sizes=\"auto\"\n  {{#unless lazyload '==' 'disabled'}}\n    {{#if lazyload '==' 'lazyload+lqip'}}\n    {{!-- If we want a LQIP, include it as the default srcset (will be overwritten by lazysizes) --}}\n    srcset=\"{{getImageSrcset image 1x=(default lqip_size '80w')}}\"\n    {{else}}\n      {{!-- If we don't want a LQIP, use a 1px transparent gif for the stand-in image\n            This requires no additional network request, so it's fast --}}\n    srcset=\"data:image/gif;base64,R0lGODlhAQABAIAAAP///wAAACH5BAEAAAAALAAAAAABAAEAAAICRAEAOw==\"\n    {{/if}}\n{{/unless}}\n{{!-- If lazyloading is disabled, just use \"srcset\". If it is not disabled, use \"data-srcset\" so lazysizes will use\n      this after page load --}}\n{{!--\nGenerate the srcset string using the default sizes defined in the helper. This will allow the browser to\npick the best-sized image based on its own understanding of how it will render the page.\n--}}\n{{#unless lazyload '==' 'disabled'}}data-{{/unless}}srcset=\"{{getImageSrcset image use_default_sizes=true }}\"\n{{else if default_image}}src=\"{{cdn default_image}}\" alt=\"{{lang 'products.card_default_image_alt'}}\"{{/if}}\nclass=\"{{#unless lazyload '==' 'disabled'}}lazyload{{/unless}}{{#if class}} {{class}}{{/if}}\"\n{{#if lazyload '==' 'lazyload'}}loading=\"lazy\"{{/if}}\n{{otherAttributes}} />\n",
  "components/common/login-for-pricing": "<p translate>{{lang 'common.restrict_to_login'}}</p>\n",
  "components/products/price": "{{!-- There are 2 code paths for generating the PDP pricing HTML determined by the following #and condition. \nIf a 'price_range' exists then we generate all HTML in price-range.html, otherwise it is defined here. Both code\npaths generate the same HTML structure with some differences in whether that element is displayed by default (css styling).\n\nIf you are making a change here or in price-range.html, you probably want to make that change in both files. --}}\n\n{{#and price.price_range (if theme_settings.price_ranges '==' true)}}\n    {{> components/products/price-range price=price schema_org=schema_org}}\n{{else}}\n    {{#if price.with_tax}}\n        <div class=\"price-section price-section--withTax rrp-price--withTax\" {{#unless price.rrp_with_tax}}style=\"display: none;\"{{/unless}}>\n            {{theme_settings.pdp-retail-price-label}}\n            <span data-product-rrp-with-tax class=\"price price--rrp\">\n                {{price.rrp_with_tax.formatted}}\n            </span>\n        </div>\n        <div class=\"price-section price-section--withTax non-sale-price--withTax{{#unless price.non_sale_price_with_tax}} price-none{{/unless}}\" {{#unless price.non_sale_price_with_tax}}style=\"display: none;\"{{/unless}}>\n            {{theme_settings.pdp-non-sale-price-label}}\n            <span data-product-non-sale-price-with-tax class=\"price price--non-sale\">\n                {{price.non_sale_price_with_tax.formatted}}\n            </span>\n        </div>\n        <div class=\"price-section price-section--withTax\" {{#if schema_org}}itemprop=\"offers\" itemscope itemtype=\"http://schema.org/Offer\"{{/if}}>\n            <span class=\"price-label\" {{#if price.non_sale_price_with_tax}}style=\"display: none;\"{{/if}}>\n                {{theme_settings.pdp-price-label}}\n            </span>\n            <span class=\"price-now-label\" {{#unless price.non_sale_price_with_tax}}style=\"display: none;\"{{/unless}}>\n                {{theme_settings.pdp-sale-price-label}}\n            </span>\n            <span data-product-price-with-tax class=\"price price--withTax\">{{price.with_tax.formatted}}</span>\n            {{#if schema_org}}\n                <meta itemprop=\"availability\" itemtype=\"http://schema.org/ItemAvailability\" \n                \tcontent=\"http://schema.org/{{#if product.pre_order}}PreOrder{{else if product.out_of_stock}}OutOfStock{{else if product.can_purchase '===' false}}OutOfStock{{else}}InStock{{/if}}\">\n                <meta itemprop=\"itemCondition\" itemtype=\"http://schema.org/OfferItemCondition\" content=\"http://schema.org/{{product.condition}}Condition\">\n                <meta itemprop=\"priceCurrency\" content=\"{{currency_selector.active_currency_code}}\">\n                <meta itemprop=\"url\" content=\"{{product.url}}\">\n                <div itemprop=\"priceSpecification\" itemscope itemtype=\"http://schema.org/PriceSpecification\">\n                    <meta itemprop=\"price\" content=\"{{price.with_tax.value}}\">\n                    <meta itemprop=\"priceCurrency\" content=\"{{currency_selector.active_currency_code}}\">\n                    <meta itemprop=\"valueAddedTaxIncluded\" content=\"true\">\n                </div>\n            {{/if}}\n            {{#if price.without_tax}}\n                <abbr title=\"{{lang 'products.including_tax'}}\">{{lang 'products.price_with_tax' tax_label=price.tax_label}}</abbr>\n            {{/if}}\n        </div>\n        {{#if page_type '===' 'product'}}\n            {{#if price.non_sale_price_with_tax}}\n                <div class=\"price-section price-section--salebale\">\n                    {{lang 'products.sale_label'}} {{round (subtract 100 (multiply (divide price.with_tax.value price.non_sale_price_with_tax.value) 100)) 0}}%\n                </div>\n            {{/if}}\n        {{/if}}\n    {{/if}}\n    {{#if price.without_tax}}\n        <div class=\"price-section price-section--withoutTax rrp-price--withoutTax{{#if price.with_tax}} price-section--minor{{/if}}\" {{#unless price.rrp_without_tax}}style=\"display: none;\"{{/unless}}>\n            {{theme_settings.pdp-retail-price-label}}\n            <span data-product-rrp-price-without-tax class=\"price price--rrp\"> \n                {{price.rrp_without_tax.formatted}}\n            </span>\n        </div>\n        <div class=\"price-section price-section--withoutTax non-sale-price--withoutTax{{#if price.with_tax}} price-section--minor{{/if}}{{#unless price.non_sale_price_without_tax}} price-none{{/unless}}\" {{#unless price.non_sale_price_without_tax}}style=\"display: none;\"{{/unless}}>\n            {{theme_settings.pdp-non-sale-price-label}}\n            <span data-product-non-sale-price-without-tax class=\"price price--non-sale\">\n                {{price.non_sale_price_without_tax.formatted}}\n            </span>\n        </div>\n        <div class=\"price-section price-section--withoutTax\" {{#if schema_org}}itemprop=\"offers\" itemscope itemtype=\"http://schema.org/Offer\"{{/if}}>\n            <span class=\"price-label\" {{#if price.non_sale_price_without_tax}}style=\"display: none;\"{{/if}}>\n                {{theme_settings.pdp-price-label}}\n            </span>\n            <span class=\"price-now-label\" {{#unless price.non_sale_price_without_tax}}style=\"display: none;\"{{/unless}}>\n                {{theme_settings.pdp-sale-price-label}}\n            </span>\n            <span data-product-price-without-tax class=\"price price--withoutTax{{#if price.with_tax}} price-section--minor{{/if}}\">{{price.without_tax.formatted}}</span>\n            {{#if schema_org}}\n                <meta itemprop=\"availability\" itemtype=\"http://schema.org/ItemAvailability\"\n                    content=\"http://schema.org/{{#if product.pre_order}}PreOrder{{else if product.out_of_stock}}OutOfStock{{else if product.can_purchase '===' false}}OutOfStock{{else}}InStock{{/if}}\">\n                <meta itemprop=\"itemCondition\" itemtype=\"http://schema.org/OfferItemCondition\" content=\"http://schema.org/{{product.condition}}Condition\">\n                <meta itemprop=\"priceCurrency\" content=\"{{currency_selector.active_currency_code}}\">\n                <meta itemprop=\"url\" content=\"{{product.url}}\">\n                <div itemprop=\"priceSpecification\" itemscope itemtype=\"http://schema.org/PriceSpecification\">\n                    <meta itemprop=\"price\" content=\"{{price.without_tax.value}}\">\n                    <meta itemprop=\"priceCurrency\" content=\"{{currency_selector.active_currency_code}}\">\n                    <meta itemprop=\"valueAddedTaxIncluded\" content=\"false\">\n                </div>\n            {{/if}}\n            {{#if price.with_tax}}\n                <abbr title=\"{{lang 'products.excluding_tax'}}\">{{lang 'products.price_without_tax' tax_label=price.tax_label}}</abbr>\n            {{/if}}\n        </div>\n        {{#if page_type '===' 'product'}}\n            {{#if price.non_sale_price_without_tax}}\n                <div class=\"price-section price-section--salebale\">\n                    {{lang 'products.sale_label'}} {{round (subtract 100 (multiply (divide price.without_tax.value price.non_sale_price_without_tax.value) 100)) 0}}%\n                </div>\n            {{/if}}\n        {{/if}}\n    {{/if}}\n    {{#if page_type '===' 'product'}}\n        <div class=\"price-section price-section--saving price\" {{#unless price.saved}}style=\"display: none;\"{{/unless}}>\n            <span class=\"price\">{{lang 'products.you_save_opening_text'}}</span>\n            <span data-product-price-saved class=\"price price--saving\">\n                {{price.saved.formatted}}\n            </span>\n            <span class=\"price\">{{lang 'products.you_save_closing_bracket'}}</span>\n        </div>\n    {{/if}}\n{{/and}}\n",
  "components/products/price-range": "{{#and price.retail_price_range.min.with_tax price.retail_price_range.max.with_tax}}\n    <div class=\"price-section price-section--withTax rrp-price--withTax\">\n        {{theme_settings.pdp-retail-price-label}}\n        <span data-product-rrp-price-with-tax class=\"price price--rrp\">{{price.retail_price_range.min.with_tax.formatted}} - {{price.retail_price_range.max.with_tax.formatted}}</span>\n    </div>\n{{else}}\n    {{#if price.with_tax}}\n        <div class=\"price-section price-section--withTax rrp-price--withTax\" style=\"display: none;\">\n            {{theme_settings.pdp-retail-price-label}}\n            <span data-product-rrp-with-tax class=\"price price--rrp\">\n                {{price.rrp_with_tax.formatted}}\n            </span>\n        </div>\n    {{/if}}\n{{/and}}\n{{#and price.price_range.min.with_tax price.price_range.max.with_tax}}\n    {{!-- Never display the \"non-sales price\" if there is a price range to be shown, but we do want the element on the page --}}\n    <div class=\"price-section price-section--withTax non-sale-price--withTax price-none\" style=\"display: none;\">\n        <span data-product-non-sale-price-with-tax class=\"price price--non-sale\">\n            {{price.non_sale_price_with_tax.formatted}}\n        </span>\n    </div>\n    <div class=\"price-section price-section--withTax\" {{#if schema_org}}itemprop=\"offers\" itemscope itemtype=\"http://schema.org/Offer\"{{/if}}>\n        <span data-product-price-with-tax class=\"price price--withTax\">{{price.price_range.min.with_tax.formatted}} - {{price.price_range.max.with_tax.formatted}}</span>\n        {{#and price.price_range.min.without_tax price.price_range.max.without_tax}}\n            <abbr title=\"{{lang 'products.including_tax'}}\">{{lang 'products.price_with_tax' tax_label=price.price_range.min.tax_label}}</abbr>\n        {{/and}}\n        {{#if schema_org}}\n            <meta itemprop=\"availability\" content=\"{{product.availability}}\">\n            <meta itemprop=\"itemCondition\" itemtype=\"http://schema.org/OfferItemCondition\" content=\"http://schema.org/{{product.condition}}Condition\">\n            <div itemprop=\"priceSpecification\" itemscope itemtype=\"http://schema.org/PriceSpecification\">\n                <meta itemprop=\"minPrice\" content=\"{{price_range.min.with_tax.value}}\"  />\n                <meta itemprop=\"price\" content=\"{{price_range.min.with_tax.value}}\">\n                <meta itemprop=\"maxPrice\" content=\"{{price_range.max.with_tax.value}}\"  />\n                <meta itemprop=\"priceCurrency\" content=\"{{currency_selector.active_currency_code}}\">\n                <meta itemprop=\"valueAddedTaxIncluded\" content=\"true\">\n            </div>\n        {{/if}}\n    </div>\n{{/and}}\n{{#and price.retail_price_range.min.without_tax price.retail_price_range.max.without_tax}}\n    <div class=\"price-section price-section--withoutTax rrp-price--withoutTax{{#if price.with_tax}} price-section--minor{{/if}}\">\n        {{theme_settings.pdp-retail-price-label}}\n        <span data-product-rrp-price-without-tax class=\"price price--rrp\">{{price.retail_price_range.min.without_tax.formatted}} - {{price.retail_price_range.max.without_tax.formatted}}</span>\n    </div>\n{{else}}\n    {{#if price.without_tax}}\n        <div class=\"price-section price-section--withoutTax rrp-price--withoutTax{{#if price.with_tax}} price-section--minor{{/if}}\" style=\"display: none;\">\n            {{theme_settings.pdp-retail-price-label}}\n            <span data-product-rrp-price-without-tax class=\"price price--rrp\">\n                {{price.rrp_without_tax.formatted}}\n            </span>\n        </div>\n    {{/if}}\n{{/and}}\n{{#and price.price_range.min.without_tax price.price_range.max.without_tax}}\n    {{!-- Never display the \"non-sales price\" if there is a price range to be shown, but we do want the element on the page --}}\n    <div class=\"price-section price-section--withoutTax non-sale-price--withoutTax{{#if price.with_tax}} price-section--minor{{/if}} price-none\" style=\"display: none;\">\n        <span data-product-non-sale-price-without-tax class=\"price price--non-sale\">\n            {{price.non_sale_price_without_tax.formatted}}\n        </span>\n    </div>\n    <div class=\"price-section price-section--withoutTax{{#and price_range.min.with_tax price_range.max.with_tax}} price-section--minor{{/and}}\" {{#if schema_org}}itemprop=\"offers\" itemscope itemtype=\"http://schema.org/Offer\"{{/if}}>\n        <span data-product-price-without-tax class=\"price price--withoutTax\">{{price.price_range.min.without_tax.formatted}} - {{price.price_range.max.without_tax.formatted}}</span>\n        {{#and price.price_range.min.with_tax price.price_range.max.with_tax}}\n            <abbr title=\"{{lang 'products.excluding_tax'}}\">{{lang 'products.price_without_tax' tax_label=price.price_range.min.tax_label}}</abbr>\n        {{/and}}\n        {{#if schema_org}}\n            <meta itemprop=\"availability\" content=\"{{product.availability}}\">\n            <meta itemprop=\"itemCondition\" itemtype=\"http://schema.org/OfferItemCondition\" content=\"http://schema.org/{{product.condition}}Condition\">\n            <div itemprop=\"priceSpecification\" itemscope itemtype=\"http://schema.org/PriceSpecification\">\n                <meta itemprop=\"minPrice\" content=\"{{price.price_range.min.without_tax.value}}\"  />\n                <meta itemprop=\"price\" content=\"{{price.price_range.min.without_tax.value}}\">\n                <meta itemprop=\"maxPrice\" content=\"{{price.price_range.max.without_tax.value}}\"  />\n                <meta itemprop=\"priceCurrency\" content=\"{{currency_selector.active_currency_code}}\">\n                <meta itemprop=\"valueAddedTaxIncluded\" content=\"false\">\n            </div>\n        {{/if}}\n    </div>\n{{/and}}\n\n{{!-- Never display the \"saving price\" element by default if there is a price range on the page to be shown --}}\n{{#if page_type '===' 'product'}}\n     <div class=\"price-section price-section--saving price\" style=\"display: none;\">\n            <span class=\"price\">{{lang 'products.you_save_opening_text'}}</span>\n            <span data-product-price-saved class=\"price price--saving\">\n                {{price.saved.formatted}}\n            </span>\n            <span class=\"price\">{{lang 'products.you_save_closing_bracket'}}</span>\n     </div>\n{{/if}}\n"
}