{
  "components/category/sidebar": "<nav role=\"navigation\" aria-label=\"Left Sidebar\">\n    {{#if category.faceted_search_enabled}}\n        {{> components/faceted-search/index category}}\n    {{else}}\n        {{> components/halothemes/sidebar/all-categories breadcrumbs=breadcrumbs}}\n        {{> components/category/shop-by-price shop_by_price=category.shop_by_price category_url=category.url}}\n        {{#if shop_by_brand}}\n            {{> components/halothemes/sidebar/shop-by-brand}}\n        {{/if}}\n        {{#if theme_settings.halo-sidebar-products '==' 'Featured'}}\n            {{> components/halothemes/sidebar/product-sidebar products=products.featured title=theme_settings.halo-sidebar-products-title}}\n        {{else if theme_settings.halo-sidebar-products '==' 'New'}}\n            {{> components/halothemes/sidebar/product-sidebar products=products.new title=theme_settings.halo-sidebar-products-title}}\n        {{else if theme_settings.halo-sidebar-products '==' 'Top'}}\n            {{> components/halothemes/sidebar/product-sidebar products=products.top_sellers title=theme_settings.halo-sidebar-products-title}}\n        {{/if}}\n        {{> components/halothemes/sidebar/advertisement-image}}\n        {{> components/halothemes/sidebar/advertisement-content}}\n    {{/if}}\n</nav>\n",
  "components/faceted-search/index": "<div id=\"facetedSearch\" class=\"facetedSearch sidebarBlock\">\n    {{> components/faceted-search/selected-facets this.selected}}\n\n    {{#any facets visible=true}}\n        <div\n            id=\"facetedSearch-navList\"\n            class=\"facetedSearch-navList blocker-container\">\n            <div class=\"accordion accordion--navList\">\n                {{#each facets}}\n                    {{#if visible}}\n                        {{{dynamicComponent 'components/faceted-search/facets'}}}\n                    {{/if}}\n                {{/each}}\n            </div>\n\n            <div class=\"blocker\" style=\"display: none;\"></div>\n        </div>\n    {{/any}}\n</div>\n",
  "components/halothemes/sidebar/all-categories": "{{#if theme_settings.halo-sidebar-all-categories}}\n    <div class=\"sidebarBlock\" id=\"allCategories\">\n        <h4 class=\"sidebarBlock-heading\">Categories</h4>\n        {{#if categories}}\n            <ul class=\"all-categories-list\">\n                {{#each categories}}\n                    <li class=\"navPages-item{{#if is_active}} current-cate is-clicked{{/if}}\">\n                        {{#if children}}\n                            <a class=\"navPages-action has-subMenu\" href=\"{{url}}\">{{name}}</a>\n                            <span class=\"icon-dropdown\">\n                                <i class=\"icon-plus\"></i>\n                            </span>\n                            <ul class=\"dropdown-category-list navPages-level-2\">\n                                {{#each children}}\n                                    <li class=\"navPage-subMenu-item{{#if is_active}} current-cate is-clicked{{/if}}\">\n                                        {{#if children}}\n                                            <a class=\"navPage-subMenu-action navPages-action has-subMenu\" href=\"{{url}}\">\n                                                {{name}}\n                                            </a>\n                                            <span class=\"icon-dropdown\">\n                                                <i class=\"icon-plus\"></i>\n                                            </span>\n                                            <ul class=\"dropdown-category-list navPages-level-3\">\n                                                {{#each children}}\n                                                    <li class=\"navPage-subMenu-item{{#if is_active}} current-cate is-clicked{{/if}}\">\n                                                        <a class=\"navPage-subMenu-action navPages-action\" href=\"{{url}}\">{{name}}</a>\n                                                    </li>\n                                                {{/each}}\n                                            </ul>\n                                        {{else}}\n                                            <a class=\"navPage-subMenu-action navPages-action\" href=\"{{url}}\">{{name}}</a>\n                                        {{/if}}\n                                    </li>\n                                {{/each}}\n                            </ul>\n                        {{else}}\n                            <a class=\"navPages-action\" href=\"{{url}}\">{{name}}</a>\n                        {{/if}}\n                    </li>\n                {{/each}}\n            </ul>\n        {{/if}}\n    </div>\n{{/if}}\n",
  "components/halothemes/sidebar/product-sidebar": "{{#if theme_settings.halo-sidebar-products}}\n\t<div class=\"sidebarBlock\" id=\"featured-products\">\n\t    <h4 class=\"sidebarBlock-heading\">{{title}}</h4>\n\t    <div class=\"sidebarBlock-content\">\n\t        <div class=\"products-list\">\n\t            {{#each (limit products theme_settings.sidebar_products_per_page)}}\n\t                {{> components/halothemes/products/product-card theme_settings=../theme_settings}}\n\t            {{/each}}\n\t            {{#if theme_settings.halo-sidebar-products-btn}}\n\t            \t<a href=\"{{theme_settings.halo-sidebar-products-link}}\" class=\"link\">{{theme_settings.halo-sidebar-products-btn}}</a>\n\t            {{/if}}\n\t        </div>\n\t    </div>\n\t</div>\n{{/if}}\n",
  "components/halothemes/sidebar/shop-by-brand": "{{#if theme_settings.halo-sidebar-shop-by-brand}}\n    <div class=\"sidebarBlock\" id=\"shopByBrands\">\n        <h4 class=\"sidebarBlock-heading\"><span>Brands</span></h4>\n        <ul class=\"navList\">\n            {{#each shop_by_brand}}\n                <li class=\"navList-item\">\n                    <a href=\"{{url}}\"><span>{{name}}</span></a>\n                </li>\n            {{/each}}\n            <li class=\"navList-item view-all\">\n                <a href=\"{{urls.brands}}\"><span>{{lang 'common.view_all'}}</span></a>\n            </li>\n        </ul>\n    </div>\n{{/if}}\n",
  "components/halothemes/sidebar/advertisement-image": "{{#if theme_settings.halo-sidebar-image}}\n\t<div class=\"sidebarBlock\" id=\"advertisement-image\">\n\t\t<div class=\"sidebarBlock-content\">\n\t       \t<div class=\"advertisement-image\">\n\t\t\t\t<a class=\"image\" href=\"{{theme_settings.halo-sidebar-image-link}}\" aria-label=\"{{theme_settings.halo-sidebar-image-alt}}\">\n\t\t\t\t\t<img class=\"lazyload\" src=\"{{cdn 'img/loading.svg'}}\" data-src=\"https://cdn11.bigcommerce.com/s-{{settings.store_hash}}/product_images/uploaded_images/{{theme_settings.halo-sidebar-image}}\" alt=\"{{theme_settings.halo-sidebar-image-alt}}\" title=\"{{theme_settings.halo-sidebar-image-alt}}\">\n\t\t\t\t</a>\n\t\t\t</div>\n\t    </div>\n\t</div>\n{{/if }}\n",
  "components/halothemes/sidebar/advertisement-content": "{{#if theme_settings.halo-sidebar-custom-block}}\n\t<div class=\"sidebarBlock\" id=\"advertisement-content\">\n\t\t{{#if theme_settings.halo-sidebar-custom-block-title}}\n\t    \t<h4 class=\"sidebarBlock-heading\">{{theme_settings.halo-sidebar-custom-block-title}}</h4>\n\t    {{/if}}\n\t    {{#or (if theme_settings.halo-sidebar-custom-block-text1) (if theme_settings.halo-sidebar-custom-block-text2) (if theme_settings.halo-sidebar-custom-block-text3) (if theme_settings.halo-sidebar-custom-block-text4)}}\n\t\t    <div class=\"sidebarBlock-content\">\n\t\t    \t<div class=\"advertisement-content\">\n\t\t\t        <p>{{theme_settings.halo-sidebar-custom-block-text1}} {{theme_settings.halo-sidebar-custom-block-text2}}</p>\n\t\t\t\t\t<p>{{theme_settings.halo-sidebar-custom-block-text3}} {{theme_settings.halo-sidebar-custom-block-text4}}</p>\n\t\t    \t</div>\n\t\t    </div>\n\t\t{{/or}}\n\t</div>\n{{/if}}\n",
  "components/category/shop-by-price": "{{#and theme_settings.shop_by_price_visibility shop_by_price}}\n    <div class=\"sidebarBlock\">\n        <h4 class=\"sidebarBlock-heading\">{{lang 'category.shop_by_price'}}</h4>\n        <ul class=\"navList\">\n            {{#each shop_by_price}}\n            <li class=\"navList-item\">\n                <a class=\"navList-action {{#if selected }} is-active {{/if}}\" href=\"{{url}}\" alt=\"{{low.formatted}} - {{high.formatted}}\" title=\"{{low.formatted}} - {{high.formatted}}\"><span>{{low.formatted}} - {{high.formatted}}</span></a>\n            </li>\n            {{/each}}\n\n            {{#any shop_by_price selected=true}}\n                <li class=\"navList-item view-all\">\n                    <a href=\"{{category_url}}\">\n                        <span>{{lang 'category.reset'}}</span>\n                    </a>\n                </li>\n            {{/any}}\n        </ul>\n    </div>\n{{/and}}\n",
  "components/halothemes/products/product-card": "<div class=\"card card-custom\" data-product-id=\"{{id}}\">\r\n    <div class=\"card-image\">\r\n        <a class=\"card-link\" href=\"{{url}}\">\r\n            {{> components/common/responsive-img\r\n                image=image\r\n                fallback_size=theme_settings.productgallery_size\r\n                lazyload=theme_settings.lazyload_mode\r\n                default_image=theme_settings.default_image_product\r\n            }}\r\n        </a>\r\n    </div>\r\n    <div class=\"card-content\">\r\n        <h4 class=\"card-title\">\r\n            <a href=\"{{url}}\">{{name}}</a>\r\n        </h4>\r\n        <div class=\"card-price\" data-test-info-type=\"price\">\r\n            {{#or customer (if theme_settings.restrict_to_login '!==' true)}}                \r\n                {{> components/products/price price=price}}\r\n            {{else}}\r\n                {{> components/common/login-for-pricing}}\r\n            {{/or}}\r\n        </div>\r\n        {{#if theme_settings.haloAddOptionForProduct}}\r\n            <div class=\"card-option card-option-{{id}}\">\r\n                <div class=\"form-field\"></div>\r\n            </div>\r\n        {{/if}}\r\n        <a href=\"{{url}}\" class=\"card-action\">\r\n            <span class=\"text\">{{lang 'products.details_link'}}</span>\r\n        </a>\r\n    </div>\r\n</div>\r\n",
  "components/faceted-search/selected-facets": "<div class=\"facetedSearch-refineFilters sidebarBlock\">\n    <h5 class=\"sidebarBlock-heading\">\n        {{lang 'search.faceted.selected.title'}}\n    </h5>\n\n    {{#if this.items}}\n        <ul class=\"inlineList inlineList--labels\">\n            {{#each this.items}}\n                <li>\n                    <a\n                        href=\"{{ url }}\"\n                        class=\"facetLabel\"\n                        rel=\"nofollow\"\n                        data-faceted-search-facet>\n                        {{#if facet '===' 'rating'}}\n                            {{lang 'search.faceted.selected.rating-label' rating=title}}\n                        {{else}}\n                            {{{ sanitize title }}}\n                        {{/if}}\n\n                        <svg class=\"icon\">\n                            <use xlink:href=\"#icon-close\" />\n                        </svg>\n                    </a>\n                </li>\n            {{/each}}\n        </ul>\n    {{else}}\n        {{lang 'search.faceted.selected.no-filters'}}\n    {{/if}}\n\n    {{#if remove_all_url}}\n        <a href=\"{{ remove_all_url }}\" data-faceted-search-facet class=\"toggleLink toggleLink-viewMore\">\n            <span class=\"toggleLink-text\">{{lang 'search.faceted.selected.clear-all'}}</span>\n        </a>\n    {{/if}}\n</div>\n",
  "components/faceted-search/facets/hierarchy": "{{#if items}}\n<div class=\"accordion-block\">\n    <div\n        class=\"accordion-navigation toggleLink {{#unless ../start_collapsed }} is-open {{/unless}}\"\n        role=\"button\"\n        data-collapsible=\"#facetedSearch-content--{{#replace '&' (hyphenate facet) }}{{else}}{{hyphenate facet}}{{/replace}}\">\n        <h5 class=\"accordion-title\">\n            {{ title }}\n        </h5>\n\n        <div class=\"accordion-navigation-actions\">\n            {{#if selected}}\n                <a href=\"{{ remove_url }}\" class=\"facetedSearch-clearLink\" data-faceted-search-facet>{{lang 'search.faceted.clear'}}</a>\n            {{/if}}\n            <svg class=\"icon accordion-indicator toggleLink-text toggleLink-text--off\">\n                <use xlink:href=\"#icon-add\" />\n            </svg>\n            <svg class=\"icon accordion-indicator toggleLink-text toggleLink-text--on\">\n                <use xlink:href=\"#icon-remove\" />\n            </svg>\n        </div>\n    </div>\n\n    <div id=\"facetedSearch-content--{{#replace '&' (hyphenate facet) }}{{else}}{{hyphenate facet}}{{/replace}}\" class=\"accordion-content {{#unless ../start_collapsed }} is-open {{/unless}}\">\n        <ul id=\"facetedSearch-navList--{{#replace '&' (hyphenate facet) }}{{else}}{{hyphenate facet}}{{/replace}}\" class=\"navList\" data-facet=\"{{facet}}\" data-has-more-results=\"{{ has_more_results }}\">\n            {{#each items}}\n                <li class=\"navList-item\">\n                    <a\n                        href=\"{{ url }}\"\n                        class=\"navList-action navList-action--checkbox {{#if selected }} is-selected {{/if}} {{#if has_sub_categories }} has-children {{/if}}\"\n                        rel=\"nofollow\"\n                        data-id=\"{{ id }}\"\n                        data-faceted-search-facet>\n                        <span>\n                            {{{ sanitize title }}}\n                            {{#if ../show_product_counts}}\n                                {{#if count}}\n                                    <span>({{ count }})</span>\n                                {{/if}}\n                            {{/if}}\n                        </span>\n                    </a>\n                    {{#if children}}\n                        {{> components/faceted-search/facets/hierarchy-children children}}\n                    {{/if}}\n                </li>\n            {{/each}}\n        </ul>\n\n        {{#if show_more_toggle}}\n            <a href=\"#facetedSearch-navList--{{#replace '&' (hyphenate facet) }}{{else}}{{hyphenate facet}}{{/replace}}\" role=\"button\" class=\"toggleLink toggleLink-viewMore\">\n                <span class=\"toggleLink-text toggleLink-text--off\">{{lang 'search.faceted.show-more'}}</span>\n            </a>\n        {{/if}}\n    </div>\n</div>\n{{/if}}\n",
  "components/faceted-search/facets/hierarchy-children": "<ul class=\"navList navList--inner\">\n    {{#each this}}\n        <li class=\"navList-item\">\n            <a\n            href=\"{{url}}\"\n            class=\"navList-action navList-action--checkbox {{#if selected }} is-selected {{/if}} {{#if has_sub_categories }} has-children {{/if}}\"\n            rel=\"nofollow\"\n            data-id=\"{{ id }}\"\n            data-faceted-search-facet>\n                <span>\n                    {{{sanitize title}}}\n                    {{#if ../show_product_counts}}\n                        {{#if count}}\n                            <span>({{count}})</span>\n                        {{/if}}\n                    {{/if}}\n                </span>\n            </a>\n            {{#if children}}\n                {{> components/faceted-search/facets/hierarchy-children children}}\n            {{/if}}\n        </li>\n    {{/each}}\n</ul>\n",
  "components/faceted-search/facets/multi": "{{#if items}}\n<div class=\"accordion-block\">\n    <div\n        class=\"accordion-navigation toggleLink {{#unless ../start_collapsed }} is-open {{/unless}}\"\n        role=\"button\"\n        data-collapsible=\"#facetedSearch-content--{{#replace '&' (hyphenate facet) }}{{else}}{{hyphenate facet}}{{/replace}}\">\n        <h5 class=\"accordion-title\">\n            {{ title }}\n        </h5>\n\n        <div class=\"accordion-navigation-actions\">\n            {{#if selected}}\n                <a href=\"{{ remove_url }}\" class=\"facetedSearch-clearLink\" data-faceted-search-facet>{{lang 'search.faceted.clear'}}</a>\n            {{/if}}\n            <svg class=\"icon accordion-indicator toggleLink-text toggleLink-text--off\">\n                <use xlink:href=\"#icon-add\" />\n            </svg>\n            <svg class=\"icon accordion-indicator toggleLink-text toggleLink-text--on\">\n                <use xlink:href=\"#icon-remove\" />\n            </svg>\n        </div>\n    </div>\n\n    <div id=\"facetedSearch-content--{{#replace '&' (hyphenate facet) }}{{else}}{{hyphenate facet}}{{/replace}}\" class=\"accordion-content {{#unless ../start_collapsed }} is-open {{/unless}}\">\n        <ul id=\"facetedSearch-navList--{{#replace '&' (hyphenate facet) }}{{else}}{{hyphenate facet}}{{/replace}}\" data-facet=\"{{facet}}\" class=\"navList\" data-has-more-results=\"{{ has_more_results }}\">\n            {{#each items}}\n                <li class=\"navList-item\">\n                    <a\n                        href=\"{{ url }}\"\n                        class=\"navList-action navList-action--checkbox {{#if selected }} is-selected {{/if}}\"\n                        rel=\"nofollow\"\n                        data-faceted-search-facet>\n                        <span>\n                            {{{ sanitize title }}}\n                            {{#if ../show_product_counts}}\n                                <span>({{ count }})</span>\n                            {{/if}}\n                        </span>\n                    </a>\n                </li>\n            {{/each}}\n        </ul>\n\n        {{#if show_more_toggle}}\n            <a href=\"#facetedSearch-navList--{{#replace '&' (hyphenate facet) }}{{else}}{{hyphenate facet}}{{/replace}}\" role=\"button\" class=\"toggleLink toggleLink-viewMore\">\n                <span class=\"toggleLink-text toggleLink-text--off\">{{lang 'search.faceted.show-more'}}</span>\n            </a>\n        {{/if}}\n    </div>\n</div>\n{{/if}}\n",
  "components/faceted-search/facets/range": "<div class=\"accordion-block\">\n    <div\n        class=\"accordion-navigation toggleLink {{#unless start_collapsed }} is-open {{/unless}}\"\n        role=\"button\"\n        data-collapsible=\"#facetedSearch-content--{{hyphenate facet }}\">\n        <h5 class=\"accordion-title\">\n            {{ title }}\n        </h5>\n\n        <div class=\"accordion-navigation-actions\">\n            {{#if selected}}\n                <a href=\"{{ remove_url }}\" class=\"facetedSearch-clearLink\" data-faceted-search-facet>{{lang 'search.faceted.clear'}}</a>\n            {{/if}}\n            <svg class=\"icon accordion-indicator toggleLink-text toggleLink-text--off\">\n                <use xlink:href=\"#icon-add\" />\n            </svg>\n            <svg class=\"icon accordion-indicator toggleLink-text toggleLink-text--on\">\n                <use xlink:href=\"#icon-remove\" />\n            </svg>\n        </div>\n    </div>\n\n    <div id=\"facetedSearch-content--{{hyphenate facet }}\" class=\"accordion-content {{#unless start_collapsed }} is-open {{/unless}}\">\n        <form id=\"facet-range-form\" class=\"form\" method=\"get\" data-faceted-search-range novalidate>\n            {{#each current_selected_items}}\n                <input type=\"hidden\" name=\"{{ param_name }}[]\" value=\"{{ param_value }}\"/>\n            {{/each}}\n            <input type=\"hidden\" name=\"search_query\" value=\"{{search_query}}\">\n            {{#if this.sort}}\n                <input type=\"hidden\" name=\"sort\" value={{this.sort}}>\n            {{/if}}\n            <fieldset class=\"form-fieldset\">\n                <div class=\"form-minMaxRow\">\n                    <div class=\"form-field\">\n                        <input\n                            name=\"min_price\"\n                            placeholder=\"{{lang 'search.faceted.range.min-placeholder'}}\"\n                            min=\"0\"\n                            class=\"form-input form-input--small\"\n                            required\n                            type=\"number\"\n                            value=\"{{ min_price }}\"\n                        />\n                    </div>\n\n                    <div class=\"form-field\">\n                        <input\n                            name=\"max_price\"\n                            placeholder=\"{{lang 'search.faceted.range.max-placeholder'}}\"\n                            min=\"0\"\n                            class=\"form-input form-input--small\"\n                            required\n                            type=\"number\"\n                            value=\"{{ max_price }}\"\n                        />\n                    </div>\n\n                    <div class=\"form-field\">\n                        <button class=\"button button--primary button--small\" type=\"submit\">\n                            {{lang 'search.faceted.range.update'}}\n                        </button>\n                    </div>\n                </div>\n\n                <div class=\"form-inlineMessage\"></div>\n            </fieldset>\n        </form>\n    </div>\n</div>\n",
  "components/faceted-search/facets/rating": "{{#if items}}\n<div class=\"accordion-block\">\n    <div\n        class=\"accordion-navigation toggleLink {{#unless ../start_collapsed }} is-open {{/unless}}\"\n        role=\"button\"\n        data-collapsible=\"#facetedSearch-content--{{hyphenate facet }}\">\n        <h5 class=\"accordion-title\">\n            {{ title }}\n        </h5>\n\n        <div class=\"accordion-navigation-actions\">\n            {{#if selected}}\n                <a href=\"{{ remove_url }}\" class=\"facetedSearch-clearLink\" data-faceted-search-facet>{{lang 'search.faceted.clear'}}</a>\n            {{/if}}\n            <svg class=\"icon accordion-indicator toggleLink-text toggleLink-text--off\">\n                <use xlink:href=\"#icon-add\" />\n            </svg>\n            <svg class=\"icon accordion-indicator toggleLink-text toggleLink-text--on\">\n                <use xlink:href=\"#icon-remove\" />\n            </svg>\n        </div>\n    </div>\n\n    <div id=\"facetedSearch-content--{{hyphenate facet }}\" class=\"accordion-content facetedSearch-content--{{hyphenate facet}} {{#unless ../start_collapsed }} is-open {{/unless}}\">\n        <ul class=\"navList\">\n            {{#each items}}\n                <li class=\"navList-item\">\n                    <a href=\"{{ url }}\"\n                       class=\"navList-action {{#if selected }} is-selected {{/if}}\"\n                       rel=\"nofollow\"\n                       data-faceted-search-facet>\n                        <span>\n                            <span class=\"rating--small\">\n                                {{> components/products/ratings rating=title}}\n                            </span>\n                            {{lang 'search.faceted.rating.and-up'}}\n                            {{#if ../show_product_counts}}\n                                <span>({{ count }})</span>\n                            {{/if}}\n                        </span>\n                    </a>\n                </li>\n            {{/each}}\n        </ul>\n    </div>\n</div>\n{{/if}}\n",
  "components/common/responsive-img": "{{!--\nThis file implements the lazysizes srcset pattern (as seen on\nhttps://github.com/aFarkas/lazysizes#modern-transparent-srcset-pattern) for maximum performance on modern browsers\nand reasonable compatibility with legacy browsers.\n\nThere are a few important arguments to know about when using this component:\n`lazyload`:\n    - If set to 'lazyload+lqip', will load a low-res image which will be replaced by lazysizes - ensuring that SOME\n    content is shown immediately on page load. Without LQIP, a transparent gif will be used instead, which reduces\n    the number of requests needed to load the page, making it even faster.\n    - If set to 'lazyload', the browser will not load the full-size image at first, instead the lazysizes plugin will\n        load it progressively after page load. This improves the load speed of the page, but it should be disabled for\n        high-priority above-the-fold images.\n    - If set to 'disabled', will not attempt to lazyload the image and instead tell the browser to load it immediately.\n        Use this for high-priority images that are above the fold.\n\n`fallback_size`:\n    This is the size to use for this image in legacy browsers that do not support srcset.\n    Can be defined as a pixel bounding-box size (e.g. \"123x123) or inherent width (e.g. \"123w\").\n\n`class`:\n    The CSS classes to add to the image, e.g. \"card-image\". If lazyloading is enabled, all images will have the\n    \"lazyload\" class so that lazysizes will target them automatically.\n\n`otherAttributes`:\n    Any other HTML attributes you want on the img tag, for example \"height='100' width='100'\"\n\n`default_image`:\n    The default image to use if `image` is undefined or falsy. Should be a theme asset, usually defined as a relative\n    path in the theme config. If a default image is not provided, you'll get an image tag with no image if the primary\n    image is undefined.\n\n`lqip_size`:\n    If you want to specify a particular size for the LQIP image, you can do so with this argument. A default of 80\n    pixels wide will be used otherwise. This argument has no effect if the lazyload mode is not \"lazyload+lqip\".\n\n--}}\n<img {{#if image}}{{!-- Get the default image for legacy browsers that do not support srcset\n--}}src=\"{{getImageSrcset image 1x=(default fallback_size '160w')}}\" alt=\"{{image.alt}}\" title=\"{{image.alt}}\" {{!--\n  Allow lazysizes to generate the 'sizes' attribute automatically --}}data-sizes=\"auto\"\n  {{#unless lazyload '==' 'disabled'}}\n    {{#if lazyload '==' 'lazyload+lqip'}}\n    {{!-- If we want a LQIP, include it as the default srcset (will be overwritten by lazysizes) --}}\n    srcset=\"{{getImageSrcset image 1x=(default lqip_size '80w')}}\"\n    {{else}}\n      {{!-- If we don't want a LQIP, use a 1px transparent gif for the stand-in image\n            This requires no additional network request, so it's fast --}}\n    srcset=\"data:image/gif;base64,R0lGODlhAQABAIAAAP///wAAACH5BAEAAAAALAAAAAABAAEAAAICRAEAOw==\"\n    {{/if}}\n{{/unless}}\n{{!-- If lazyloading is disabled, just use \"srcset\". If it is not disabled, use \"data-srcset\" so lazysizes will use\n      this after page load --}}\n{{!--\nGenerate the srcset string using the default sizes defined in the helper. This will allow the browser to\npick the best-sized image based on its own understanding of how it will render the page.\n--}}\n{{#unless lazyload '==' 'disabled'}}data-{{/unless}}srcset=\"{{getImageSrcset image use_default_sizes=true }}\"\n{{else if default_image}}src=\"{{cdn default_image}}\" alt=\"{{lang 'products.card_default_image_alt'}}\"{{/if}}\nclass=\"{{#unless lazyload '==' 'disabled'}}lazyload{{/unless}}{{#if class}} {{class}}{{/if}}\"\n{{#if lazyload '==' 'lazyload'}}loading=\"lazy\"{{/if}}\n{{otherAttributes}} />\n",
  "components/products/price": "{{!-- There are 2 code paths for generating the PDP pricing HTML determined by the following #and condition. \nIf a 'price_range' exists then we generate all HTML in price-range.html, otherwise it is defined here. Both code\npaths generate the same HTML structure with some differences in whether that element is displayed by default (css styling).\n\nIf you are making a change here or in price-range.html, you probably want to make that change in both files. --}}\n\n{{#and price.price_range (if theme_settings.price_ranges '==' true)}}\n    {{> components/products/price-range price=price schema_org=schema_org}}\n{{else}}\n    {{#if price.with_tax}}\n        <div class=\"price-section price-section--withTax rrp-price--withTax\" {{#unless price.rrp_with_tax}}style=\"display: none;\"{{/unless}}>\n            {{theme_settings.pdp-retail-price-label}}\n            <span data-product-rrp-with-tax class=\"price price--rrp\">\n                {{price.rrp_with_tax.formatted}}\n            </span>\n        </div>\n        <div class=\"price-section price-section--withTax non-sale-price--withTax{{#unless price.non_sale_price_with_tax}} price-none{{/unless}}\" {{#unless price.non_sale_price_with_tax}}style=\"display: none;\"{{/unless}}>\n            {{theme_settings.pdp-non-sale-price-label}}\n            <span data-product-non-sale-price-with-tax class=\"price price--non-sale\">\n                {{price.non_sale_price_with_tax.formatted}}\n            </span>\n        </div>\n        <div class=\"price-section price-section--withTax\" {{#if schema_org}}itemprop=\"offers\" itemscope itemtype=\"http://schema.org/Offer\"{{/if}}>\n            <span class=\"price-label\" {{#if price.non_sale_price_with_tax}}style=\"display: none;\"{{/if}}>\n                {{theme_settings.pdp-price-label}}\n            </span>\n            <span class=\"price-now-label\" {{#unless price.non_sale_price_with_tax}}style=\"display: none;\"{{/unless}}>\n                {{theme_settings.pdp-sale-price-label}}\n            </span>\n            <span data-product-price-with-tax class=\"price price--withTax\">{{price.with_tax.formatted}}</span>\n            {{#if schema_org}}\n                <meta itemprop=\"availability\" itemtype=\"http://schema.org/ItemAvailability\" \n                \tcontent=\"http://schema.org/{{#if product.pre_order}}PreOrder{{else if product.out_of_stock}}OutOfStock{{else if product.can_purchase '===' false}}OutOfStock{{else}}InStock{{/if}}\">\n                <meta itemprop=\"itemCondition\" itemtype=\"http://schema.org/OfferItemCondition\" content=\"http://schema.org/{{product.condition}}Condition\">\n                <meta itemprop=\"priceCurrency\" content=\"{{currency_selector.active_currency_code}}\">\n                <meta itemprop=\"url\" content=\"{{product.url}}\">\n                <div itemprop=\"priceSpecification\" itemscope itemtype=\"http://schema.org/PriceSpecification\">\n                    <meta itemprop=\"price\" content=\"{{price.with_tax.value}}\">\n                    <meta itemprop=\"priceCurrency\" content=\"{{currency_selector.active_currency_code}}\">\n                    <meta itemprop=\"valueAddedTaxIncluded\" content=\"true\">\n                </div>\n            {{/if}}\n            {{#if price.without_tax}}\n                <abbr title=\"{{lang 'products.including_tax'}}\">{{lang 'products.price_with_tax' tax_label=price.tax_label}}</abbr>\n            {{/if}}\n        </div>\n        {{#if page_type '===' 'product'}}\n            {{#if price.non_sale_price_with_tax}}\n                <div class=\"price-section price-section--salebale\">\n                    {{lang 'products.sale_label'}} {{round (subtract 100 (multiply (divide price.with_tax.value price.non_sale_price_with_tax.value) 100)) 0}}%\n                </div>\n            {{/if}}\n        {{/if}}\n    {{/if}}\n    {{#if price.without_tax}}\n        <div class=\"price-section price-section--withoutTax rrp-price--withoutTax{{#if price.with_tax}} price-section--minor{{/if}}\" {{#unless price.rrp_without_tax}}style=\"display: none;\"{{/unless}}>\n            {{theme_settings.pdp-retail-price-label}}\n            <span data-product-rrp-price-without-tax class=\"price price--rrp\"> \n                {{price.rrp_without_tax.formatted}}\n            </span>\n        </div>\n        <div class=\"price-section price-section--withoutTax non-sale-price--withoutTax{{#if price.with_tax}} price-section--minor{{/if}}{{#unless price.non_sale_price_without_tax}} price-none{{/unless}}\" {{#unless price.non_sale_price_without_tax}}style=\"display: none;\"{{/unless}}>\n            {{theme_settings.pdp-non-sale-price-label}}\n            <span data-product-non-sale-price-without-tax class=\"price price--non-sale\">\n                {{price.non_sale_price_without_tax.formatted}}\n            </span>\n        </div>\n        <div class=\"price-section price-section--withoutTax\" {{#if schema_org}}itemprop=\"offers\" itemscope itemtype=\"http://schema.org/Offer\"{{/if}}>\n            <span class=\"price-label\" {{#if price.non_sale_price_without_tax}}style=\"display: none;\"{{/if}}>\n                {{theme_settings.pdp-price-label}}\n            </span>\n            <span class=\"price-now-label\" {{#unless price.non_sale_price_without_tax}}style=\"display: none;\"{{/unless}}>\n                {{theme_settings.pdp-sale-price-label}}\n            </span>\n            <span data-product-price-without-tax class=\"price price--withoutTax{{#if price.with_tax}} price-section--minor{{/if}}\">{{price.without_tax.formatted}}</span>\n            {{#if schema_org}}\n                <meta itemprop=\"availability\" itemtype=\"http://schema.org/ItemAvailability\"\n                    content=\"http://schema.org/{{#if product.pre_order}}PreOrder{{else if product.out_of_stock}}OutOfStock{{else if product.can_purchase '===' false}}OutOfStock{{else}}InStock{{/if}}\">\n                <meta itemprop=\"itemCondition\" itemtype=\"http://schema.org/OfferItemCondition\" content=\"http://schema.org/{{product.condition}}Condition\">\n                <meta itemprop=\"priceCurrency\" content=\"{{currency_selector.active_currency_code}}\">\n                <meta itemprop=\"url\" content=\"{{product.url}}\">\n                <div itemprop=\"priceSpecification\" itemscope itemtype=\"http://schema.org/PriceSpecification\">\n                    <meta itemprop=\"price\" content=\"{{price.without_tax.value}}\">\n                    <meta itemprop=\"priceCurrency\" content=\"{{currency_selector.active_currency_code}}\">\n                    <meta itemprop=\"valueAddedTaxIncluded\" content=\"false\">\n                </div>\n            {{/if}}\n            {{#if price.with_tax}}\n                <abbr title=\"{{lang 'products.excluding_tax'}}\">{{lang 'products.price_without_tax' tax_label=price.tax_label}}</abbr>\n            {{/if}}\n        </div>\n        {{#if page_type '===' 'product'}}\n            {{#if price.non_sale_price_without_tax}}\n                <div class=\"price-section price-section--salebale\">\n                    {{lang 'products.sale_label'}} {{round (subtract 100 (multiply (divide price.without_tax.value price.non_sale_price_without_tax.value) 100)) 0}}%\n                </div>\n            {{/if}}\n        {{/if}}\n    {{/if}}\n    {{#if page_type '===' 'product'}}\n        <div class=\"price-section price-section--saving price\" {{#unless price.saved}}style=\"display: none;\"{{/unless}}>\n            <span class=\"price\">{{lang 'products.you_save_opening_text'}}</span>\n            <span data-product-price-saved class=\"price price--saving\">\n                {{price.saved.formatted}}\n            </span>\n            <span class=\"price\">{{lang 'products.you_save_closing_bracket'}}</span>\n        </div>\n    {{/if}}\n{{/and}}\n",
  "components/common/login-for-pricing": "<p translate>{{lang 'common.restrict_to_login'}}</p>\n",
  "components/products/ratings": "<span role=\"img\"\n      aria-label=\"{{lang 'products.reviews.rating_aria_label' current_rating=rating max_rating=5}}\"\n>\n    {{#for 1 5}}\n        {{#if ../this.rating '>=' $index}}\n            <span class=\"icon icon--ratingFull\">\n                <svg aria-hidden=\"true\">\n                    <use xlink:href=\"#icon-star\" />\n                </svg>\n            </span>\n        {{else}}\n            <span class=\"icon icon--ratingEmpty\">\n                <svg aria-hidden=\"true\">\n                    <use xlink:href=\"#icon-star\" />\n                </svg>\n            </span>\n        {{/if}}\n    {{/for}}\n</span>\n",
  "components/products/price-range": "{{#and price.retail_price_range.min.with_tax price.retail_price_range.max.with_tax}}\n    <div class=\"price-section price-section--withTax rrp-price--withTax\">\n        {{theme_settings.pdp-retail-price-label}}\n        <span data-product-rrp-price-with-tax class=\"price price--rrp\">{{price.retail_price_range.min.with_tax.formatted}} - {{price.retail_price_range.max.with_tax.formatted}}</span>\n    </div>\n{{else}}\n    {{#if price.with_tax}}\n        <div class=\"price-section price-section--withTax rrp-price--withTax\" style=\"display: none;\">\n            {{theme_settings.pdp-retail-price-label}}\n            <span data-product-rrp-with-tax class=\"price price--rrp\">\n                {{price.rrp_with_tax.formatted}}\n            </span>\n        </div>\n    {{/if}}\n{{/and}}\n{{#and price.price_range.min.with_tax price.price_range.max.with_tax}}\n    {{!-- Never display the \"non-sales price\" if there is a price range to be shown, but we do want the element on the page --}}\n    <div class=\"price-section price-section--withTax non-sale-price--withTax price-none\" style=\"display: none;\">\n        <span data-product-non-sale-price-with-tax class=\"price price--non-sale\">\n            {{price.non_sale_price_with_tax.formatted}}\n        </span>\n    </div>\n    <div class=\"price-section price-section--withTax\" {{#if schema_org}}itemprop=\"offers\" itemscope itemtype=\"http://schema.org/Offer\"{{/if}}>\n        <span data-product-price-with-tax class=\"price price--withTax\">{{price.price_range.min.with_tax.formatted}} - {{price.price_range.max.with_tax.formatted}}</span>\n        {{#and price.price_range.min.without_tax price.price_range.max.without_tax}}\n            <abbr title=\"{{lang 'products.including_tax'}}\">{{lang 'products.price_with_tax' tax_label=price.price_range.min.tax_label}}</abbr>\n        {{/and}}\n        {{#if schema_org}}\n            <meta itemprop=\"availability\" content=\"{{product.availability}}\">\n            <meta itemprop=\"itemCondition\" itemtype=\"http://schema.org/OfferItemCondition\" content=\"http://schema.org/{{product.condition}}Condition\">\n            <div itemprop=\"priceSpecification\" itemscope itemtype=\"http://schema.org/PriceSpecification\">\n                <meta itemprop=\"minPrice\" content=\"{{price_range.min.with_tax.value}}\"  />\n                <meta itemprop=\"price\" content=\"{{price_range.min.with_tax.value}}\">\n                <meta itemprop=\"maxPrice\" content=\"{{price_range.max.with_tax.value}}\"  />\n                <meta itemprop=\"priceCurrency\" content=\"{{currency_selector.active_currency_code}}\">\n                <meta itemprop=\"valueAddedTaxIncluded\" content=\"true\">\n            </div>\n        {{/if}}\n    </div>\n{{/and}}\n{{#and price.retail_price_range.min.without_tax price.retail_price_range.max.without_tax}}\n    <div class=\"price-section price-section--withoutTax rrp-price--withoutTax{{#if price.with_tax}} price-section--minor{{/if}}\">\n        {{theme_settings.pdp-retail-price-label}}\n        <span data-product-rrp-price-without-tax class=\"price price--rrp\">{{price.retail_price_range.min.without_tax.formatted}} - {{price.retail_price_range.max.without_tax.formatted}}</span>\n    </div>\n{{else}}\n    {{#if price.without_tax}}\n        <div class=\"price-section price-section--withoutTax rrp-price--withoutTax{{#if price.with_tax}} price-section--minor{{/if}}\" style=\"display: none;\">\n            {{theme_settings.pdp-retail-price-label}}\n            <span data-product-rrp-price-without-tax class=\"price price--rrp\">\n                {{price.rrp_without_tax.formatted}}\n            </span>\n        </div>\n    {{/if}}\n{{/and}}\n{{#and price.price_range.min.without_tax price.price_range.max.without_tax}}\n    {{!-- Never display the \"non-sales price\" if there is a price range to be shown, but we do want the element on the page --}}\n    <div class=\"price-section price-section--withoutTax non-sale-price--withoutTax{{#if price.with_tax}} price-section--minor{{/if}} price-none\" style=\"display: none;\">\n        <span data-product-non-sale-price-without-tax class=\"price price--non-sale\">\n            {{price.non_sale_price_without_tax.formatted}}\n        </span>\n    </div>\n    <div class=\"price-section price-section--withoutTax{{#and price_range.min.with_tax price_range.max.with_tax}} price-section--minor{{/and}}\" {{#if schema_org}}itemprop=\"offers\" itemscope itemtype=\"http://schema.org/Offer\"{{/if}}>\n        <span data-product-price-without-tax class=\"price price--withoutTax\">{{price.price_range.min.without_tax.formatted}} - {{price.price_range.max.without_tax.formatted}}</span>\n        {{#and price.price_range.min.with_tax price.price_range.max.with_tax}}\n            <abbr title=\"{{lang 'products.excluding_tax'}}\">{{lang 'products.price_without_tax' tax_label=price.price_range.min.tax_label}}</abbr>\n        {{/and}}\n        {{#if schema_org}}\n            <meta itemprop=\"availability\" content=\"{{product.availability}}\">\n            <meta itemprop=\"itemCondition\" itemtype=\"http://schema.org/OfferItemCondition\" content=\"http://schema.org/{{product.condition}}Condition\">\n            <div itemprop=\"priceSpecification\" itemscope itemtype=\"http://schema.org/PriceSpecification\">\n                <meta itemprop=\"minPrice\" content=\"{{price.price_range.min.without_tax.value}}\"  />\n                <meta itemprop=\"price\" content=\"{{price.price_range.min.without_tax.value}}\">\n                <meta itemprop=\"maxPrice\" content=\"{{price.price_range.max.without_tax.value}}\"  />\n                <meta itemprop=\"priceCurrency\" content=\"{{currency_selector.active_currency_code}}\">\n                <meta itemprop=\"valueAddedTaxIncluded\" content=\"false\">\n            </div>\n        {{/if}}\n    </div>\n{{/and}}\n\n{{!-- Never display the \"saving price\" element by default if there is a price range on the page to be shown --}}\n{{#if page_type '===' 'product'}}\n     <div class=\"price-section price-section--saving price\" style=\"display: none;\">\n            <span class=\"price\">{{lang 'products.you_save_opening_text'}}</span>\n            <span data-product-price-saved class=\"price price--saving\">\n                {{price.saved.formatted}}\n            </span>\n            <span class=\"price\">{{lang 'products.you_save_closing_bracket'}}</span>\n     </div>\n{{/if}}\n"
}